_time,vcc,vpanel,tmp,hum,s0,s1,s2,s3,s4,s5,s6,s7,s8,s9
2024-06-03 14:02:00+00:00,3.385,3.299,30.3,43.635,335800.0,46512400.0,46413500.0,45072900.0,3236600.0,3174500.0,3136200.0,339500.0,359500.0,386200.0
2024-06-03 14:03:00+00:00,3.382,3.299,30.49,43.16,332500.0,45925700.0,44887600.0,43545500.0,3132600.0,3093600.0,2993000.0,331900.0,355000.0,381300.0
2024-06-03 14:04:00+00:00,3.382,3.299,30.63,43.0,330000.0,45259600.0,44431100.0,42988500.0,3091900.0,2973500.0,2922500.0,331200.0,351400.0,376000.0
2024-06-03 14:05:00+00:00,3.383,3.301,30.75,42.726,327100.0,44933800.0,43763600.0,42611100.0,2989700.0,2931900.0,2925700.0,328400.0,349900.0,377300.0
2024-06-03 14:07:00+00:00,3.383,3.301,30.88,42.234,325200.0,44887600.0,44161700.0,43201000.0,3107700.0,3071000.0,2973500.0,331900.0,351000.0,378900.0
2024-06-03 14:08:00+00:00,3.385,3.302,30.64,42.189,330300.0,45495300.0,45026400.0,44028200.0,3163500.0,3123700.0,3086600.0,332500.0,353200.0,383600.0
2024-06-03 14:09:00+00:00,3.384,3.3,30.56,41.661,332800.0,45590200.0,45353600.0,43851400.0,3132600.0,3088400.0,3072700.0,333500.0,355000.0,382300.0
2024-06-03 14:10:00+00:00,3.383,3.301,30.63,42.947,329300.0,44841600.0,44028200.0,42819900.0,2993000.0,2938300.0,2903900.0,328400.0,348500.0,376400.0
2024-06-03 14:12:00+00:00,3.385,3.301,30.74,43.095,325500.0,44795600.0,43851400.0,42819900.0,3081400.0,2996300.0,2973500.0,329600.0,351000.0,377000.0
2024-06-03 14:13:00+00:00,3.385,3.814,30.65,43.05,328400.0,44658200.0,44028200.0,42694400.0,3077900.0,2951000.0,2938300.0,328000.0,350600.0,376000.0
2024-06-03 14:14:00+00:00,3.384,3.301,30.52,42.955,325500.0,44703900.0,43895500.0,42445500.0,2983200.0,2944600.0,2910100.0,326800.0,349200.0,376400.0
2024-06-03 14:16:00+00:00,3.384,3.303,30.48,42.913,326800.0,44431100.0,44117100.0,42946200.0,3093600.0,2970200.0,2963800.0,329000.0,349200.0,377000.0
2024-06-03 14:17:00+00:00,3.384,3.302,30.26,43.431,329000.0,44887600.0,43763600.0,42904000.0,3074400.0,2951000.0,2922500.0,328700.0,348100.0,376400.0
2024-06-03 14:18:00+00:00,3.384,3.3,30.16,43.336,327700.0,44841600.0,43545500.0,42569600.0,2996300.0,2976700.0,2941400.0,330600.0,348800.0,378100.0
2024-06-03 14:19:00+00:00,3.385,3.303,30.09,44.043,328400.0,45166000.0,44028200.0,42322200.0,3091900.0,2976700.0,2951000.0,329600.0,351400.0,377000.0
2024-06-03 14:21:00+00:00,3.385,3.302,30.1,43.754,329300.0,45306600.0,43851400.0,42736200.0,2996300.0,2976700.0,2931900.0,330600.0,348500.0,376600.0
2024-06-03 14:22:00+00:00,3.385,3.304,30.11,43.62,328400.0,44980000.0,44028200.0,43807400.0,3109500.0,3090100.0,2976700.0,331200.0,351700.0,379800.0
2024-06-03 14:23:00+00:00,3.385,3.302,29.98,43.878,331900.0,45685600.0,44749700.0,44795600.0,3167200.0,3143500.0,3102400.0,337500.0,355800.0,382500.0
2024-06-03 14:24:00+00:00,3.383,3.298,29.91,44.955,331600.0,45637800.0,44296000.0,42946200.0,3111200.0,3071000.0,2963800.0,332800.0,353500.0,380200.0
2024-06-03 14:26:00+00:00,3.384,3.3,29.82,45.101,330900.0,45542700.0,44117100.0,42988500.0,3105900.0,2993000.0,2979900.0,331900.0,352800.0,379600.0
2024-06-03 14:27:00+00:00,3.384,3.296,29.81,45.613,330300.0,45259600.0,44161700.0,42652700.0,2967000.0,2970200.0,2951000.0,329000.0,350300.0,375800.0
2024-06-03 14:28:00+00:00,3.385,3.3,29.83,45.115,329600.0,45353600.0,44251100.0,42904000.0,3104200.0,2986500.0,2957400.0,331900.0,352800.0,378500.0
2024-06-03 14:29:00+00:00,3.384,3.3,29.99,45.1,328000.0,44887600.0,43939600.0,42528200.0,2989700.0,2973500.0,2954200.0,329300.0,350600.0,375600.0
2024-06-03 14:31:00+00:00,3.384,3.297,30.17,45.019,328000.0,44612600.0,43502100.0,42652700.0,2973500.0,2935100.0,2913200.0,327100.0,346400.0,364500.0
2024-06-03 14:32:00+00:00,3.386,3.301,30.21,45.01,326200.0,44567100.0,43329500.0,43030800.0,3083100.0,2983200.0,2944600.0,330300.0,347400.0,365700.0
2024-06-03 14:33:00+00:00,3.385,3.301,30.14,44.256,324900.0,44658200.0,43632400.0,42445500.0,2983200.0,2954200.0,2941400.0,327700.0,348800.0,378900.0
2024-06-03 14:34:00+00:00,3.386,3.299,30.06,44.467,328700.0,44841600.0,43676100.0,42694400.0,3088400.0,2970200.0,2935100.0,329000.0,349900.0,378500.0
2024-06-03 14:36:00+00:00,3.384,3.301,29.92,45.193,326500.0,44980000.0,43895500.0,42363200.0,3071000.0,2951000.0,2922500.0,327100.0,349600.0,364900.0
2024-06-03 14:37:00+00:00,3.384,3.303,29.96,45.198,326200.0,44567100.0,42862000.0,41755900.0,2970200.0,2916300.0,2897700.0,327100.0,346700.0,364100.0
2024-06-03 14:38:00+00:00,3.385,3.302,30.03,45.108,324000.0,44296000.0,42946200.0,42118200.0,2935100.0,2900800.0,2852300.0,324300.0,344600.0,361400.0
2024-06-03 14:40:00+00:00,3.385,3.303,30.16,44.819,324600.0,43983800.0,42652700.0,41243500.0,2944600.0,2897700.0,2870300.0,323700.0,343900.0,363700.0
2024-06-03 14:41:00+00:00,3.384,3.303,30.19,43.362,324000.0,43939600.0,42988500.0,42363200.0,2976700.0,2922500.0,2913200.0,326800.0,347400.0,375200.0
2024-06-03 14:42:00+00:00,3.385,3.303,30.04,44.609,328000.0,44567100.0,43588900.0,42363200.0,3077900.0,2957400.0,2925700.0,327700.0,347100.0,364500.0
2024-06-03 14:43:00+00:00,3.384,3.303,29.91,44.632,326500.0,45072900.0,44072600.0,42778000.0,3090100.0,2970200.0,2941400.0,328400.0,348800.0,375800.0
2024-06-03 14:45:00+00:00,3.384,3.303,29.85,45.427,326500.0,44612600.0,43243800.0,42404300.0,3081400.0,3072700.0,2993000.0,330600.0,350300.0,378300.0
2024-06-03 14:46:00+00:00,3.385,3.303,29.77,45.603,326500.0,44703900.0,43545500.0,42077600.0,2976700.0,2951000.0,2916300.0,328000.0,348100.0,375800.0
2024-06-03 14:47:00+00:00,3.385,3.303,29.71,44.972,326500.0,44795600.0,43458800.0,42611100.0,3097100.0,2986500.0,2938300.0,329600.0,349900.0,378100.0
2024-06-03 14:48:00+00:00,3.387,3.31,29.76,45.855,326500.0,44795600.0,43372600.0,41996700.0,2970200.0,2925700.0,2922500.0,325500.0,346000.0,364500.0
2024-06-03 14:50:00+00:00,3.386,3.306,29.84,45.915,323100.0,44161700.0,43243800.0,42363200.0,2983200.0,2951000.0,2922500.0,325200.0,347100.0,364900.0
2024-06-03 14:51:00+00:00,3.388,3.307,29.72,46.258,323700.0,44251100.0,42778000.0,41716100.0,2931900.0,2913200.0,2873300.0,326800.0,344600.0,364100.0
2024-06-03 14:52:00+00:00,3.387,3.309,29.66,45.841,323700.0,44072600.0,42946200.0,41795900.0,2941400.0,2870300.0,2873300.0,325900.0,345300.0,363300.0
2024-06-03 14:53:00+00:00,3.388,3.307,29.55,45.677,324600.0,44117100.0,43286600.0,42363200.0,2983200.0,2954200.0,2891600.0,329000.0,347800.0,375200.0
2024-06-03 14:55:00+00:00,3.387,3.303,29.43,46.427,328000.0,44251100.0,43415700.0,42158800.0,2996300.0,2941400.0,2938300.0,330600.0,349900.0,377500.0
2024-06-03 14:56:00+00:00,3.387,3.305,29.25,47.175,327100.0,45119400.0,44117100.0,43158300.0,3065800.0,2976700.0,2947800.0,331900.0,351000.0,377500.0
2024-06-03 14:57:00+00:00,3.386,3.303,29.23,47.483,328000.0,44658200.0,43807400.0,42778000.0,2993000.0,2967000.0,2925700.0,330300.0,349600.0,377700.0
2024-06-03 14:59:00+00:00,3.388,3.304,29.22,47.63,329000.0,45072900.0,44117100.0,43415700.0,3138000.0,3088400.0,2986500.0,334200.0,354600.0,383600.0
2024-06-03 15:00:00+00:00,3.387,3.302,29.14,47.648,331900.0,45733400.0,44887600.0,43763600.0,3139900.0,3086600.0,2996300.0,336500.0,355000.0,381500.0
2024-06-03 15:01:00+00:00,3.386,3.3,29.28,47.822,329000.0,45259600.0,44612600.0,43588900.0,3107700.0,3072700.0,2970200.0,333800.0,354600.0,380800.0
2024-06-03 15:02:00+00:00,3.386,3.302,29.36,47.595,330900.0,45072900.0,44117100.0,43201000.0,3088400.0,2973500.0,2951000.0,332800.0,352100.0,377300.0
2024-06-03 15:04:00+00:00,3.383,3.299,29.49,47.134,328700.0,45119400.0,44251100.0,43158300.0,3091900.0,2979900.0,2941400.0,331600.0,351400.0,380200.0
2024-06-03 15:05:00+00:00,3.382,3.299,29.66,46.444,330300.0,44933800.0,44161700.0,42652700.0,2996300.0,2963800.0,2903900.0,327700.0,349900.0,376800.0
2024-06-03 15:06:00+00:00,3.385,3.299,29.86,46.058,327100.0,44612600.0,43851400.0,42652700.0,2989700.0,2957400.0,2931900.0,328700.0,348100.0,364900.0
2024-06-03 15:07:00+00:00,3.385,3.301,29.99,45.6,325500.0,44161700.0,43588900.0,42199600.0,2976700.0,2931900.0,2913200.0,327700.0,347100.0,364900.0
2024-06-03 15:09:00+00:00,3.384,3.3,29.91,45.501,325200.0,44795600.0,43201000.0,42404300.0,3072700.0,2986500.0,2947800.0,330600.0,351700.0,379800.0
2024-06-03 15:10:00+00:00,3.386,3.304,29.72,45.845,329000.0,45353600.0,43895500.0,42736200.0,3097100.0,3077900.0,2941400.0,329300.0,350300.0,377700.0
2024-06-03 15:12:00+00:00,3.386,3.312,29.59,45.845,328700.0,44887600.0,44072600.0,42652700.0,3067500.0,2928800.0,2944600.0,330300.0,351400.0,376800.0
2024-06-03 15:14:00+00:00,3.385,3.303,29.64,45.332,329600.0,45447900.0,44521700.0,43286600.0,3116600.0,3077900.0,2967000.0,333500.0,353500.0,380000.0
2024-06-03 15:15:00+00:00,3.388,3.307,29.56,44.741,332800.0,45542700.0,44521700.0,43329500.0,3091900.0,2986500.0,2931900.0,333200.0,352100.0,380600.0
2024-06-03 15:16:00+00:00,3.388,3.307,29.48,44.234,334500.0,46315100.0,44933800.0,44658200.0,3130900.0,3097100.0,3093600.0,336500.0,357200.0,386000.0
2024-06-03 15:19:00+00:00,3.388,3.309,29.46,42.581,340100.0,47627900.0,46861600.0,45733400.0,3221300.0,3176400.0,3196800.0,345000.0,367200.0,394000.0
2024-06-03 15:20:00+00:00,3.389,3.32,29.44,44.142,340100.0,47784100.0,46761300.0,45781300.0,3263700.0,3232800.0,3148900.0,341200.0,363300.0,390200.0
2024-06-03 15:21:00+00:00,3.395,3.932,29.44,44.113,342500.0,47679800.0,46561900.0,45259600.0,3191200.0,3165300.0,3143500.0,341900.0,362200.0,390200.0
2024-06-03 15:23:00+00:00,3.387,3.306,29.43,44.27,338100.0,47941400.0,46761300.0,45495300.0,3178200.0,3148900.0,3150700.0,341200.0,361000.0,392000.0
2024-06-03 15:24:00+00:00,3.389,3.305,29.59,44.332,338100.0,47114300.0,45829300.0,44887600.0,3170800.0,3147100.0,3111200.0,340500.0,357200.0,387300.0
2024-06-03 15:25:00+00:00,3.389,3.308,29.49,44.073,339100.0,47063500.0,46413500.0,44658200.0,3200600.0,3136200.0,3114800.0,339800.0,359500.0,389300.0
2024-06-03 15:26:00+00:00,3.39,3.309,29.54,44.526,335500.0,46711300.0,45877400.0,44341000.0,3176400.0,3074400.0,2993000.0,336500.0,357600.0,384000.0
2024-06-03 15:28:00+00:00,3.39,3.31,29.64,44.284,334800.0,46611600.0,45447900.0,44341000.0,3165300.0,3107700.0,3079600.0,336500.0,356100.0,384300.0
2024-06-03 15:29:00+00:00,3.387,3.309,29.61,44.224,334200.0,46761300.0,45212800.0,43983800.0,3141700.0,3081400.0,3084900.0,337500.0,356900.0,384500.0
2024-06-03 15:30:00+00:00,3.389,3.315,29.61,44.664,335500.0,46168300.0,45447900.0,43719800.0,3111200.0,3095400.0,3091900.0,334800.0,357200.0,384500.0
2024-06-03 15:31:00+00:00,3.391,3.316,29.53,45.134,332500.0,46071000.0,45166000.0,43807400.0,3107700.0,2986500.0,2963800.0,334800.0,356100.0,381700.0
2024-06-03 15:33:00+00:00,3.389,3.309,29.42,45.715,332500.0,45733400.0,44749700.0,43502100.0,3072700.0,2996300.0,3071000.0,336800.0,356500.0,382500.0
2024-06-03 15:34:00+00:00,3.39,3.309,29.26,45.533,335100.0,46168300.0,45637800.0,44341000.0,3161700.0,3130900.0,3093600.0,337800.0,359900.0,385100.0
2024-06-03 15:37:00+00:00,3.389,3.311,29.03,45.971,334800.0,46413500.0,45781300.0,44431100.0,3148900.0,3098900.0,3071000.0,335500.0,357600.0,385800.0
2024-06-03 15:38:00+00:00,3.389,3.309,29.04,44.982,333800.0,47012900.0,45925700.0,44612600.0,3159800.0,3120100.0,3116600.0,339500.0,361800.0,388000.0
2024-06-03 15:39:00+00:00,3.39,3.309,29.05,44.08,339800.0,47679800.0,46711300.0,45974000.0,3232800.0,3202500.0,3176400.0,343900.0,364900.0,388400.0
2024-06-03 15:40:00+00:00,3.39,3.307,28.98,46.306,341200.0,47627900.0,46761300.0,45829300.0,3229000.0,3206200.0,3152500.0,344600.0,362600.0,392900.0
2024-06-03 15:42:00+00:00,3.389,3.313,28.75,47.304,335500.0,47114300.0,46462900.0,45259600.0,3189400.0,3165300.0,3127300.0,342200.0,360600.0,387800.0
2024-06-03 15:43:00+00:00,3.389,3.309,28.58,48.317,331200.0,46611600.0,45829300.0,44341000.0,3169000.0,3125500.0,3079600.0,337800.0,358400.0,385300.0
2024-06-03 15:44:00+00:00,3.39,3.313,28.44,48.753,333500.0,46364300.0,45447900.0,44612600.0,3132600.0,3104200.0,2996300.0,336500.0,359500.0,385600.0
2024-06-03 15:45:00+00:00,3.389,3.308,28.34,49.311,337500.0,46661400.0,45306600.0,44841600.0,3202500.0,3136200.0,3109500.0,339100.0,360600.0,385800.0
2024-06-03 15:47:00+00:00,3.39,3.309,28.23,49.215,334200.0,46962300.0,45542700.0,44521700.0,3161700.0,3134400.0,3121900.0,341900.0,360600.0,388600.0
2024-06-03 15:48:00+00:00,3.39,3.309,28.17,49.994,335500.0,47063500.0,45925700.0,44933800.0,3206200.0,3180100.0,3134400.0,340800.0,365700.0,387800.0
2024-06-03 15:49:00+00:00,3.39,3.31,28.1,49.445,333800.0,47524200.0,45877400.0,45212800.0,3198700.0,3161700.0,3111200.0,341500.0,364100.0,389700.0
2024-06-03 15:50:00+00:00,3.391,3.307,28.08,49.706,339500.0,47627900.0,46022400.0,44795600.0,3176400.0,3136200.0,3104200.0,341500.0,360300.0,386200.0
2024-06-03 15:52:00+00:00,3.39,3.308,28.1,49.878,332800.0,47012900.0,45590200.0,44341000.0,3156200.0,3118300.0,3121900.0,338100.0,359900.0,388400.0
2024-06-03 15:53:00+00:00,3.39,3.309,28.03,50.243,331200.0,47216100.0,45733400.0,44251100.0,3180100.0,3139900.0,3104200.0,337500.0,362200.0,385800.0
2024-06-03 15:54:00+00:00,3.39,3.309,28.02,50.318,331600.0,47012900.0,45781300.0,44887600.0,3198700.0,3150700.0,3113000.0,340100.0,359500.0,386700.0
2024-06-03 15:56:00+00:00,3.39,3.311,27.92,50.319,333800.0,47318400.0,45733400.0,44431100.0,3176400.0,3130900.0,3100600.0,335500.0,362200.0,383200.0
2024-06-03 15:57:00+00:00,3.387,3.308,27.82,50.234,334200.0,47576000.0,46168300.0,44841600.0,3206200.0,3163500.0,3121900.0,342200.0,360600.0,387300.0
2024-06-03 15:58:00+00:00,3.386,3.303,27.78,50.493,335500.0,47731900.0,46119600.0,44749700.0,3200600.0,3154400.0,3109500.0,343200.0,356900.0,388900.0
2024-06-03 15:59:00+00:00,3.387,3.309,27.83,50.112,335500.0,47731900.0,46266100.0,44703900.0,3204300.0,3120100.0,3109500.0,341500.0,363700.0,386900.0
2024-06-03 16:01:00+00:00,3.387,3.31,27.84,50.298,334800.0,48998800.0,46811400.0,45925700.0,3246200.0,3213800.0,3165300.0,343900.0,375200.0,393600.0
2024-06-03 16:02:00+00:00,3.386,3.307,27.77,50.477,336100.0,47836400.0,46661400.0,45119400.0,3189400.0,3187500.0,3123700.0,344300.0,364900.0,386200.0
2024-06-03 16:03:00+00:00,3.386,3.309,27.71,50.156,335800.0,47836400.0,46711300.0,45306600.0,3215700.0,3200600.0,3187500.0,339100.0,361400.0,393800.0
2024-06-03 16:04:00+00:00,3.386,3.307,27.56,50.675,337800.0,49442400.0,47063500.0,45781300.0,3230900.0,3178200.0,3156200.0,340500.0,362600.0,392000.0
2024-06-03 16:06:00+00:00,3.386,3.312,27.51,50.745,339800.0,49526500.0,47063500.0,45685600.0,3236600.0,3198700.0,3156200.0,341200.0,378700.0,388400.0
2024-06-03 16:07:00+00:00,3.387,3.293,27.44,50.757,339500.0,49723800.0,47216100.0,46119600.0,3240500.0,3204300.0,3159800.0,341200.0,359900.0,390600.0
2024-06-03 16:08:00+00:00,3.386,3.312,27.45,50.843,339100.0,49667200.0,47369700.0,45877400.0,3236600.0,3230900.0,3180100.0,341200.0,365700.0,393300.0
2024-06-03 16:11:00+00:00,3.385,3.308,27.51,49.576,342900.0,50675400.0,48916500.0,46911900.0,3303200.0,3257900.0,3219400.0,344300.0,377000.0,392900.0
2024-06-03 16:12:00+00:00,3.387,3.287,27.5,49.596,343200.0,50822700.0,49136600.0,47165100.0,3303200.0,3269600.0,3219400.0,352100.0,376600.0,399800.0
2024-06-03 16:13:00+00:00,3.384,3.308,27.48,49.666,342200.0,50587400.0,49442400.0,47012900.0,3313200.0,3267600.0,3227100.0,347100.0,377900.0,399800.0
2024-06-03 16:15:00+00:00,3.385,3.308,27.39,49.528,345700.0,50881900.0,49498400.0,47472600.0,3301200.0,3285300.0,3240500.0,349200.0,365300.0,397500.0
2024-06-03 16:16:00+00:00,3.386,3.308,27.34,50.216,344600.0,51060300.0,49695500.0,47576000.0,3335500.0,3269600.0,3252000.0,346400.0,377300.0,396100.0
2024-06-03 16:17:00+00:00,3.387,3.303,27.28,51.51,342900.0,50852300.0,49275100.0,47114300.0,3335500.0,3277400.0,3232800.0,345700.0,375400.0,396100.0
2024-06-03 16:18:00+00:00,3.386,3.307,27.11,53.157,342900.0,49979700.0,47784100.0,47216100.0,3291200.0,3252000.0,3225100.0,344300.0,365300.0,391800.0
2024-06-03 16:20:00+00:00,3.385,3.308,26.98,53.987,337500.0,49667200.0,47114300.0,46315100.0,3248200.0,3227100.0,3196800.0,343200.0,362200.0,391100.0
2024-06-03 16:21:00+00:00,3.387,3.309,26.81,54.062,338100.0,49330800.0,47421100.0,46811400.0,3303200.0,3287300.0,3259800.0,348100.0,377300.0,395600.0
2024-06-03 16:22:00+00:00,3.386,3.307,26.53,55.141,342900.0,50383200.0,49109000.0,47524200.0,3366300.0,3321300.0,3299200.0,349200.0,379800.0,400700.0
2024-06-03 16:23:00+00:00,3.386,3.31,26.27,55.254,347800.0,50238400.0,49247400.0,47318400.0,3307200.0,3283300.0,3225100.0,348500.0,378900.0,396800.0
2024-06-03 16:25:00+00:00,3.387,3.3,26.22,54.778,346000.0,49894100.0,49219600.0,47063500.0,3289200.0,3248200.0,3204300.0,349200.0,379300.0,399800.0
2024-06-03 16:26:00+00:00,3.386,3.309,26.32,54.502,343600.0,50123100.0,49191900.0,46761300.0,3303200.0,3248200.0,3246200.0,347400.0,379800.0,396800.0
2024-06-03 16:27:00+00:00,3.386,3.309,26.51,53.471,347800.0,51000700.0,49414500.0,47114300.0,3283300.0,3267600.0,3219400.0,348500.0,377700.0,398600.0
2024-06-03 16:29:00+00:00,3.385,3.309,26.56,53.35,344600.0,50971000.0,49582700.0,47369700.0,3337500.0,3267600.0,3259800.0,348500.0,379600.0,399600.0
2024-06-03 16:30:00+00:00,3.386,3.309,26.55,53.299,348100.0,51090200.0,49837200.0,48943900.0,3362100.0,3327300.0,3289200.0,351000.0,383000.0,401000.0
2024-06-03 16:31:00+00:00,3.385,3.309,26.53,53.437,346000.0,50528900.0,49894100.0,47472600.0,3299200.0,3285300.0,3255900.0,348800.0,380800.0,399800.0
2024-06-03 16:32:00+00:00,3.384,3.309,26.49,53.994,347100.0,51270000.0,50180700.0,49442400.0,3387200.0,3351800.0,3299200.0,352100.0,385100.0,402400.0
2024-06-03 16:34:00+00:00,3.389,3.244,26.26,54.824,348500.0,50793200.0,50065600.0,49358600.0,3404100.0,3351800.0,3311200.0,353500.0,385800.0,403600.0
2024-06-03 16:35:00+00:00,3.385,3.311,26.04,55.625,349900.0,51180000.0,49610900.0,47941400.0,3345700.0,3321300.0,3273500.0,351000.0,384700.0,400700.0
2024-06-03 16:36:00+00:00,3.385,3.312,25.93,56.247,347100.0,50822700.0,49837200.0,47888900.0,3364200.0,3321300.0,3277400.0,351400.0,382300.0,402600.0
2024-06-03 16:37:00+00:00,3.386,3.31,25.85,56.101,348500.0,51240000.0,50238400.0,47731900.0,3345700.0,3295200.0,3259800.0,351000.0,381300.0,402400.0
2024-06-03 16:39:00+00:00,3.386,3.311,25.82,56.286,347100.0,51270000.0,49442400.0,47731900.0,3362100.0,3356000.0,3347700.0,357200.0,389500.0,409400.0
2024-06-03 16:40:00+00:00,3.386,3.311,25.72,56.849,352100.0,51725300.0,50704800.0,49667200.0,3431900.0,3380900.0,3325300.0,355400.0,386900.0,406200.0
2024-06-03 16:41:00+00:00,3.389,3.31,25.65,56.59,351400.0,51572600.0,50267300.0,47784100.0,3408300.0,3356000.0,3321300.0,353500.0,386700.0,403100.0
2024-06-03 16:43:00+00:00,3.385,3.31,25.64,56.211,350600.0,51633600.0,50704800.0,49191900.0,3440500.0,3380900.0,3353900.0,356100.0,387800.0,408200.0
2024-06-03 16:44:00+00:00,3.384,3.311,25.55,56.455,353500.0,52251100.0,50971000.0,49780400.0,3491100.0,3429700.0,3387200.0,358400.0,388000.0,407400.0
2024-06-03 16:45:00+00:00,3.386,3.311,25.5,55.649,353500.0,52755800.0,51090200.0,50123100.0,3468900.0,3440500.0,3376700.0,358000.0,390400.0,410100.0
2024-06-03 16:46:00+00:00,3.385,3.31,25.51,55.753,354300.0,52883500.0,51633600.0,50008300.0,3460100.0,3393500.0,3368400.0,358000.0,388900.0,409600.0
2024-06-03 16:48:00+00:00,3.385,3.313,25.59,55.187,355800.0,52628700.0,51360500.0,49951200.0,3451400.0,3406200.0,3372500.0,356500.0,390000.0,410900.0
2024-06-03 16:49:00+00:00,3.385,3.313,25.69,55.007,355400.0,52915600.0,51240000.0,49695500.0,3451400.0,3404100.0,3353900.0,356900.0,390000.0,410900.0
2024-06-03 16:50:00+00:00,3.387,3.314,25.71,55.721,354300.0,52787700.0,51150000.0,49979700.0,3447000.0,3406200.0,3360100.0,355800.0,390200.0,408900.0
2024-06-03 16:52:00+00:00,3.385,3.313,25.67,56.061,352400.0,52470700.0,50675400.0,49219600.0,3414700.0,3356000.0,3313200.0,353500.0,386000.0,407200.0
2024-06-03 16:53:00+00:00,3.39,3.146,25.59,57.664,351700.0,51572600.0,50296200.0,47941400.0,3387200.0,3345700.0,3315200.0,353500.0,385800.0,404300.0
2024-06-03 16:54:00+00:00,3.391,3.135,25.46,57.132,349600.0,52002300.0,50296200.0,49498400.0,3455800.0,3404100.0,3347700.0,354600.0,388900.0,408400.0
2024-06-03 16:55:00+00:00,3.392,3.126,25.35,57.032,353200.0,52439200.0,50822700.0,50037000.0,3462300.0,3438400.0,3410400.0,357200.0,392400.0,408900.0
2024-06-03 16:58:00+00:00,3.391,3.131,25.16,57.998,353500.0,52251100.0,50558100.0,49442400.0,3457900.0,3408300.0,3376700.0,356100.0,390400.0,409100.0
2024-06-03 16:59:00+00:00,3.392,3.115,25.04,58.637,351000.0,52157500.0,50267300.0,49667200.0,3468900.0,3406200.0,3353900.0,356500.0,388600.0,407900.0
2024-06-03 17:00:00+00:00,3.392,3.113,24.93,59.533,353900.0,52533800.0,50852300.0,49894100.0,3493300.0,3419000.0,3376700.0,356500.0,387100.0,409600.0
2024-06-03 17:02:00+00:00,3.393,3.109,24.84,57.981,354300.0,52533800.0,51060300.0,49610900.0,3462300.0,3404100.0,3366300.0,357200.0,391300.0,411900.0
2024-06-03 17:03:00+00:00,3.394,3.092,24.81,57.115,358000.0,53531500.0,52002300.0,50763700.0,3506800.0,3482200.0,3429700.0,363700.0,394300.0,413600.0
2024-06-03 17:04:00+00:00,3.393,3.097,24.92,55.968,359100.0,54229200.0,52345000.0,51420900.0,3540900.0,3511300.0,3457900.0,376400.0,400000.0,416400.0
2024-06-03 17:06:00+00:00,3.394,3.095,25.21,55.0,364900.0,55049100.0,53795100.0,53011900.0,3669400.0,3627900.0,3573300.0,380800.0,405300.0,423100.0
2024-06-03 17:07:00+00:00,3.395,2.597,25.44,55.174,363700.0,54945200.0,53762100.0,52597100.0,3637600.0,3573300.0,3547800.0,377000.0,399300.0,420200.0
2024-06-03 17:08:00+00:00,3.392,3.09,25.82,53.838,375800.0,55258000.0,53828300.0,53696000.0,3662000.0,3613500.0,3566300.0,381500.0,404100.0,423400.0
2024-06-03 17:09:00+00:00,3.395,3.101,26.22,52.731,377500.0,54910700.0,54330300.0,53762100.0,3618300.0,3589800.0,3540900.0,377000.0,397500.0,416900.0
2024-06-03 17:11:00+00:00,3.394,3.097,27.43,50.915,355800.0,53011900.0,52188700.0,50646000.0,3440500.0,3387200.0,3321300.0,351000.0,383200.0,401900.0
2024-06-03 17:12:00+00:00,3.389,3.326,29.8,46.545,347100.0,49723800.0,47524200.0,45829300.0,3289200.0,3248200.0,3215700.0,346000.0,377700.0,397700.0
2024-06-03 17:13:00+00:00,3.394,3.054,31.57,42.641,338100.0,47524200.0,46462900.0,45542700.0,3213800.0,3169000.0,3118300.0,333800.0,353200.0,378500.0
2024-06-03 17:14:00+00:00,3.394,3.026,32.35,41.764,255200.0,31859900.0,30062300.0,28756400.0,2093500.0,2066500.0,2044900.0,263900.0,292400.0,314700.0
2024-06-03 17:16:00+00:00,3.39,3.869,32.4,41.314,234200.0,28072800.0,26314300.0,23231400.0,1710500.0,1648600.0,1600300.0,207200.0,214400.0,217700.0
2024-06-03 17:17:00+00:00,3.392,2.602,32.6,41.793,129700.0,11829600.0,10875500.0,9107200.0,685100.0,610400.0,558000.0,88000.0,86600.0,91800.0
2024-06-03 17:18:00+00:00,3.391,2.601,32.73,40.564,88400.0,6749300.0,6412500.0,5565200.0,507000.0,495600.0,490300.0,97200.0,105400.0,116700.0
2024-06-03 17:20:00+00:00,3.393,2.602,32.47,41.331,122300.0,10301100.0,9944700.0,9671700.0,847800.0,832300.0,821300.0,132800.0,154600.0,172600.0
2024-06-03 17:21:00+00:00,3.391,2.602,33.26,39.985,158500.0,15369600.0,14757000.0,14511900.0,1183800.0,1158600.0,1146000.0,161400.0,175800.0,195700.0
2024-06-03 17:22:00+00:00,3.392,2.601,33.47,39.713,171400.0,17156000.0,16495300.0,15964900.0,1284000.0,1231800.0,1187900.0,154600.0,147300.0,140600.0
2024-06-03 17:23:00+00:00,3.393,2.604,34.31,39.134,67000.0,4222600.0,3828900.0,3263700.0,277800.0,225100.0,179500.0,29400.0,29200.0,26600.0
2024-06-03 17:25:00+00:00,3.393,2.602,35.64,37.363,28400.0,1059700.0,976400.0,829800.0,102800.0,96400.0,88400.0,29400.0,39500.0,50700.0
2024-06-03 17:26:00+00:00,3.393,2.606,36.84,36.241,31100.0,1195200.0,1042700.0,816900.0,101500.0,89900.0,82400.0,25800.0,27700.0,28200.0
2024-06-03 17:27:00+00:00,3.393,2.607,38.11,33.839,13300.0,279900.0,217300.0,141700.0,26500.0,24000.0,21000.0,9800.0,10800.0,12700.0
2024-06-03 17:30:00+00:00,3.391,2.603,38.17,32.764,12600.0,252700.0,211700.0,159700.0,30600.0,29500.0,28700.0,17300.0,24500.0,33200.0
2024-06-03 17:31:00+00:00,3.392,2.603,37.59,32.568,34000.0,1218600.0,1104300.0,984800.0,132500.0,128700.0,125700.0,42100.0,58100.0,71600.0
2024-06-03 17:32:00+00:00,3.392,2.603,36.8,34.08,57600.0,2563200.0,2351300.0,2072800.0,242000.0,226200.0,214000.0,57200.0,72100.0,83500.0
2024-06-03 17:33:00+00:00,3.393,2.605,36.44,36.005,33200.0,1156700.0,962600.0,677600.0,86400.0,75400.0,67300.0,26500.0,29800.0,31800.0
2024-06-03 17:35:00+00:00,3.396,2.607,36.86,35.056,13500.0,276500.0,216100.0,147200.0,27100.0,24200.0,21800.0,13800.0,17800.0,16300.0
2024-06-03 17:36:00+00:00,3.394,2.608,37.2,34.659,17400.0,439700.0,376600.0,291100.0,46400.0,42900.0,40200.0,18900.0,24200.0,28300.0
2024-06-03 17:37:00+00:00,3.396,2.609,37.95,33.119,31800.0,1073000.0,997000.0,879500.0,122400.0,119600.0,116400.0,38600.0,52200.0,64900.0
2024-06-03 17:38:00+00:00,3.393,2.606,37.77,33.422,52700.0,2176900.0,2004400.0,1797200.0,226200.0,217000.0,208800.0,58800.0,68600.0,80200.0
2024-06-03 17:40:00+00:00,3.394,2.597,37.0,33.878,64200.0,2947800.0,2718800.0,2437300.0,291400.0,279900.0,273400.0,69100.0,86600.0,105600.0
2024-06-03 17:41:00+00:00,3.39,2.596,35.86,35.519,79800.0,4050400.0,3858600.0,3449200.0,390200.0,360600.0,344600.0,82500.0,102100.0,118200.0
2024-06-03 17:42:00+00:00,3.389,2.718,34.56,37.392,90000.0,4853000.0,4603500.0,4190200.0,461100.0,436600.0,418400.0,89300.0,104700.0,112900.0
2024-06-03 17:43:00+00:00,3.388,2.69,33.38,39.792,82900.0,4478900.0,4252200.0,3861400.0,420700.0,403600.0,390000.0,85500.0,100700.0,115600.0
2024-06-03 17:45:00+00:00,3.386,2.653,32.31,41.991,76000.0,3894400.0,3630400.0,2993000.0,334800.0,315600.0,301700.0,74300.0,90300.0,107800.0
2024-06-03 17:46:00+00:00,3.385,2.651,31.46,43.24,69600.0,3395600.0,3187500.0,2622200.0,285000.0,260200.0,239800.0,57500.0,65600.0,71700.0
2024-06-03 17:47:00+00:00,3.384,2.656,30.88,44.704,63500.0,2903900.0,2822800.0,2518200.0,289400.0,274000.0,261000.0,67300.0,82800.0,98100.0
2024-06-03 17:51:00+00:00,3.385,2.524,29.44,47.511,44800.0,1802000.0,1733300.0,1507500.0,177900.0,166100.0,157200.0,51000.0,65900.0,80300.0
2024-06-03 17:52:00+00:00,3.385,2.489,29.12,49.043,49300.0,2011700.0,1863500.0,1526900.0,173900.0,156200.0,142500.0,40100.0,44800.0,49700.0
2024-06-03 17:54:00+00:00,3.383,2.45,28.87,49.908,28800.0,919200.0,841500.0,646800.0,85300.0,75600.0,69100.0,25000.0,26600.0,26700.0
2024-06-03 17:55:00+00:00,3.383,2.416,28.57,50.355,25500.0,758300.0,706400.0,600200.0,82900.0,78400.0,72900.0,25200.0,30600.0,37700.0
2024-06-03 17:56:00+00:00,3.384,2.385,28.13,51.122,33600.0,1153800.0,1073900.0,903900.0,117200.0,108400.0,101000.0,32100.0,37500.0,38700.0
2024-06-03 17:57:00+00:00,3.384,2.348,27.72,52.297,27600.0,841500.0,763800.0,587800.0,79500.0,71200.0,64400.0,24800.0,30200.0,35200.0
2024-06-03 17:59:00+00:00,3.383,2.358,27.43,52.778,31700.0,1033200.0,963900.0,793100.0,101800.0,89700.0,82900.0,29000.0,34000.0,38600.0
2024-06-03 18:00:00+00:00,3.383,2.359,27.16,53.871,30300.0,970100.0,890400.0,724400.0,98500.0,88900.0,81700.0,29200.0,34900.0,39600.0
2024-06-03 18:01:00+00:00,3.38,2.383,27.03,53.443,39300.0,1401300.0,1354000.0,1204700.0,156600.0,150100.0,144300.0,45700.0,61800.0,75600.0
2024-06-03 18:02:00+00:00,3.38,2.392,26.81,53.99,50400.0,1945800.0,1821200.0,1473900.0,179500.0,165900.0,156500.0,48400.0,61900.0,73400.0
2024-06-03 18:04:00+00:00,3.382,2.406,26.63,54.519,57500.0,2357400.0,2269200.0,2013200.0,240900.0,225200.0,210100.0,56100.0,67000.0,77900.0
2024-06-03 18:05:00+00:00,3.381,2.381,26.45,54.952,52600.0,2093500.0,1972500.0,1661600.0,198600.0,179700.0,167400.0,48200.0,57000.0,65800.0
2024-06-03 18:06:00+00:00,3.38,2.347,26.28,54.932,57300.0,2357400.0,2307600.0,2083900.0,249400.0,236600.0,226400.0,62000.0,77900.0,91400.0
2024-06-03 18:08:00+00:00,3.38,2.317,26.05,55.61,70900.0,3238500.0,3165300.0,2655400.0,291900.0,262400.0,239100.0,60400.0,71700.0,80000.0
2024-06-03 18:09:00+00:00,3.375,2.88,25.85,56.016,55600.0,2297800.0,2166600.0,1867300.0,224500.0,208000.0,196800.0,57900.0,72400.0,87100.0
2024-06-03 18:10:00+00:00,3.377,2.251,25.66,56.162,71900.0,3343600.0,3248200.0,2876400.0,332800.0,316200.0,302700.0,75400.0,95600.0,110000.0
2024-06-03 18:11:00+00:00,3.375,2.215,25.49,56.679,76000.0,3618300.0,3493300.0,3060700.0,336100.0,309300.0,287700.0,74200.0,94500.0,109900.0
2024-06-03 18:13:00+00:00,3.374,2.196,25.32,56.393,86300.0,4392400.0,4275500.0,3973800.0,444900.0,425500.0,409900.0,90300.0,111700.0,129000.0
2024-06-03 18:14:00+00:00,3.371,2.187,25.11,56.979,102100.0,5389400.0,5264700.0,4896500.0,535200.0,515400.0,495600.0,105000.0,125700.0,142500.0
2024-06-03 18:15:00+00:00,3.368,2.199,24.93,57.609,106800.0,5764900.0,5645700.0,5155400.0,556600.0,531100.0,510000.0,107100.0,127400.0,144200.0
2024-06-03 18:16:00+00:00,3.367,2.203,24.81,58.183,101500.0,5432300.0,5244500.0,4694500.0,503300.0,474600.0,451600.0,98800.0,116700.0,135100.0
2024-06-03 18:18:00+00:00,3.367,2.18,24.76,58.733,84500.0,4353900.0,4136300.0,3557000.0,390900.0,355400.0,338800.0,83700.0,99200.0,108500.0
2024-06-03 18:19:00+00:00,3.366,2.152,24.71,58.545,89900.0,4789200.0,4698500.0,4336600.0,475600.0,455000.0,440300.0,97500.0,118900.0,137700.0
2024-06-03 18:20:00+00:00,3.362,2.123,24.56,58.62,105700.0,5783200.0,5576500.0,4976900.0,524500.0,486100.0,454400.0,91800.0,105400.0,112900.0
2024-06-03 18:22:00+00:00,3.361,2.094,24.43,59.135,91700.0,4914200.0,4827300.0,4420900.0,478200.0,457700.0,436100.0,95800.0,115500.0,131000.0
2024-06-03 18:23:00+00:00,3.358,2.104,24.29,59.406,108500.0,6117900.0,5863900.0,5509000.0,590300.0,563500.0,547300.0,113100.0,135900.0,155300.0
2024-06-03 18:24:00+00:00,3.358,2.115,24.17,59.59,124000.0,7304500.0,7193800.0,6699600.0,690000.0,667100.0,642000.0,126100.0,148100.0,167400.0
2024-06-03 18:25:00+00:00,3.355,2.103,24.05,59.707,133000.0,8118900.0,7976600.0,7494900.0,763000.0,734500.0,711600.0,135800.0,160300.0,182200.0
2024-06-03 18:27:00+00:00,3.355,2.024,23.89,60.485,143000.0,9002100.0,8749700.0,8204300.0,836400.0,808600.0,782200.0,145000.0,170200.0,194400.0
2024-06-03 18:28:00+00:00,3.353,1.742,23.74,60.628,145300.0,9389100.0,9077000.0,8491300.0,846800.0,811500.0,780400.0,143400.0,165000.0,182400.0
2024-06-03 18:29:00+00:00,3.35,1.361,23.61,61.223,134000.0,8517800.0,8173600.0,7479500.0,741700.0,697000.0,663200.0,123700.0,139000.0,150800.0
2024-06-03 18:30:00+00:00,3.349,1.05,23.53,61.523,120200.0,7393500.0,7128100.0,6582500.0,662500.0,628900.0,601800.0,120100.0,139800.0,155600.0
2024-06-03 18:32:00+00:00,3.348,0.98,23.43,61.824,124200.0,7641700.0,7393500.0,6799700.0,684400.0,658000.0,630700.0,124600.0,146000.0,162600.0
2024-06-03 18:33:00+00:00,3.347,0.856,23.29,62.035,131300.0,8304100.0,8059000.0,7588600.0,760900.0,726700.0,704900.0,135900.0,160900.0,180900.0
2024-06-03 18:34:00+00:00,3.343,0.755,23.18,62.064,144700.0,9372900.0,9183800.0,8645900.0,862800.0,829300.0,811500.0,149600.0,175300.0,202500.0
2024-06-03 18:36:00+00:00,3.341,0.538,23.07,61.755,157100.0,10509300.0,10214400.0,9749400.0,960600.0,915500.0,898600.0,160500.0,186600.0,215100.0
2024-06-03 18:37:00+00:00,3.338,0.476,22.95,62.132,164200.0,11221900.0,10951800.0,10409100.0,1008100.0,976400.0,951200.0,167400.0,199600.0,223400.0
2024-06-03 18:38:00+00:00,3.335,0.432,22.84,62.445,171400.0,12195000.0,11628100.0,11096500.0,1066300.0,1031700.0,1000700.0,174800.0,207000.0,232300.0
2024-06-03 18:39:00+00:00,3.334,0.388,22.76,62.695,176400.0,12765000.0,12494900.0,11640400.0,1114200.0,1078100.0,1046700.0,181600.0,213500.0,239800.0
2024-06-03 18:41:00+00:00,3.332,0.232,22.69,62.899,182400.0,13424000.0,13094100.0,12353600.0,1163600.0,1120600.0,1087600.0,186600.0,219400.0,243000.0
2024-06-03 18:42:00+00:00,3.329,0.07,22.61,62.575,185600.0,13858300.0,13424000.0,12735300.0,1176600.0,1143100.0,1109700.0,191700.0,221300.0,246000.0
2024-06-03 18:43:00+00:00,3.328,0.026,22.56,62.51,191500.0,14163800.0,13719000.0,12938900.0,1202500.0,1164600.0,1135500.0,196500.0,227200.0,253700.0
2024-06-03 18:45:00+00:00,3.327,0.01,22.55,62.053,192500.0,14378200.0,13814500.0,13000500.0,1172600.0,1120600.0,1063800.0,175800.0,186800.0,202700.0
2024-06-03 18:46:00+00:00,3.325,0.012,22.57,65.503,156300.0,11040400.0,10673600.0,10054600.0,942000.0,898600.0,868300.0,152100.0,170400.0,186000.0
2024-06-03 18:47:00+00:00,3.323,0.001,22.58,65.425,145400.0,9981100.0,9723400.0,8994700.0,844700.0,796800.0,767300.0,141500.0,161100.0,176700.0
2024-06-03 18:48:00+00:00,3.322,0.0,22.55,64.596,134000.0,8870600.0,8591500.0,7982400.0,767700.0,734500.0,710100.0,138800.0,165600.0,192600.0
2024-06-03 18:50:00+00:00,3.321,0.0,22.46,65.124,152600.0,10409100.0,10214400.0,9680300.0,919200.0,881200.0,848300.0,150800.0,172800.0,196100.0
2024-06-03 18:51:00+00:00,3.318,0.0,22.38,65.388,147300.0,9810700.0,9536600.0,8728800.0,824800.0,777800.0,736100.0,133500.0,148300.0,161400.0
2024-06-03 18:52:00+00:00,3.314,0.0,22.42,65.853,118900.0,7484600.0,7184300.0,6535300.0,640800.0,613100.0,589800.0,121000.0,141800.0,159300.0
2024-06-03 18:54:00+00:00,3.315,0.0,22.39,65.83,127200.0,8124900.0,7890100.0,7393500.0,722900.0,695600.0,674300.0,129500.0,152400.0,168400.0
2024-06-03 18:55:00+00:00,3.311,0.0,22.33,65.085,140000.0,9191500.0,9107200.0,8694000.0,842600.0,815900.0,797300.0,147400.0,174600.0,202700.0
2024-06-03 18:56:00+00:00,3.31,0.0,22.26,65.17,158800.0,10757700.0,10632000.0,10185800.0,984100.0,957200.0,929200.0,162700.0,194200.0,218400.0
2024-06-03 18:57:00+00:00,3.309,0.0,22.19,65.42,168700.0,11791200.0,11591000.0,11062700.0,1053200.0,1024000.0,1000000.0,170400.0,201800.0,225500.0
2024-06-03 18:59:00+00:00,3.305,0.0,22.11,65.459,170200.0,12242800.0,11804000.0,11119100.0,1057300.0,1005100.0,951200.0,153100.0,165300.0,177300.0
2024-06-03 19:00:00+00:00,3.304,0.0,22.04,65.564,137800.0,9114800.0,8892200.0,8278900.0,787600.0,744100.0,712300.0,138000.0,162300.0,177900.0
2024-06-03 19:01:00+00:00,3.304,0.0,21.97,65.529,142700.0,9511700.0,9364900.0,8849000.0,845700.0,812000.0,784000.0,142500.0,162300.0,177700.0
2024-06-03 19:02:00+00:00,3.3,0.0,21.94,65.843,144700.0,9671700.0,9429600.0,9024500.0,856300.0,823800.0,790400.0,145900.0,170700.0,195300.0
2024-06-03 19:04:00+00:00,3.298,0.0,21.9,65.66,153800.0,10458900.0,10252800.0,9810700.0,932300.0,898600.0,865500.0,155500.0,180900.0,204800.0
2024-06-03 19:05:00+00:00,3.298,0.0,21.82,65.674,160200.0,11130400.0,10886300.0,10389300.0,991200.0,949900.0,920400.0,162100.0,191500.0,216300.0
2024-06-03 19:06:00+00:00,3.296,0.0,21.78,65.507,169500.0,12195000.0,11829600.0,11245000.0,1073900.0,1048300.0,1021700.0,175700.0,207700.0,233400.0
2024-06-03 19:08:00+00:00,3.295,0.0,21.69,65.521,180900.0,13325700.0,13054900.0,12610300.0,1166600.0,1139300.0,1105200.0,184600.0,218700.0,244400.0
2024-06-03 19:09:00+00:00,3.292,0.0,21.61,68.137,193100.0,14136300.0,13727600.0,12916000.0,1208900.0,1165600.0,1127100.0,186800.0,213100.0,233000.0
2024-06-03 19:10:00+00:00,3.29,0.0,21.52,68.284,185000.0,13867100.0,13540400.0,13016000.0,1214300.0,1170600.0,1154700.0,197000.0,226700.0,253700.0
2024-06-03 19:11:00+00:00,3.287,0.0,21.42,68.835,200100.0,14918200.0,14540900.0,13920100.0,1287600.0,1244200.0,1221900.0,203700.0,235800.0,261000.0
2024-06-03 19:13:00+00:00,3.286,0.0,21.32,68.228,206700.0,15769000.0,15391200.0,14638300.0,1350000.0,1306100.0,1275600.0,211100.0,242100.0,266800.0
2024-06-03 19:14:00+00:00,3.283,0.0,21.28,68.074,211800.0,16298400.0,15849000.0,15145800.0,1394100.0,1344700.0,1313600.0,216600.0,249200.0,272900.0
2024-06-03 19:15:00+00:00,3.282,0.0,21.28,67.329,216900.0,16969400.0,16507800.0,15872100.0,1435100.0,1394100.0,1363500.0,221500.0,253300.0,279900.0
2024-06-03 19:17:00+00:00,3.28,0.0,21.26,66.887,223400.0,17541700.0,17075500.0,16347200.0,1469100.0,1435100.0,1389800.0,227000.0,255600.0,282900.0
2024-06-03 19:19:00+00:00,3.274,0.0,21.14,66.957,225100.0,18123800.0,17598200.0,16761100.0,1521800.0,1462800.0,1432100.0,230500.0,263100.0,290900.0
2024-06-03 19:20:00+00:00,3.274,0.0,21.11,67.181,231200.0,18713800.0,18154000.0,17402000.0,1573500.0,1532900.0,1477100.0,234500.0,268900.0,294900.0
2024-06-03 19:22:00+00:00,3.272,0.0,21.06,67.183,222000.0,18336800.0,17541700.0,16520200.0,1478700.0,1421700.0,1373100.0,221000.0,247200.0,264500.0
2024-06-03 19:23:00+00:00,3.269,0.0,20.97,67.193,211100.0,17048900.0,16482800.0,15655900.0,1395500.0,1344700.0,1316100.0,216100.0,244800.0,270600.0
2024-06-03 19:24:00+00:00,3.268,0.0,20.9,67.74,207400.0,16671500.0,15860600.0,14959100.0,1343300.0,1294900.0,1247600.0,204400.0,227200.0,243200.0
2024-06-03 19:26:00+00:00,3.268,0.0,20.88,67.682,198000.0,15391200.0,14948900.0,14163800.0,1275600.0,1235200.0,1192000.0,199800.0,230400.0,256100.0
2024-06-03 19:27:00+00:00,3.264,0.0,20.83,67.478,202500.0,16082400.0,15644700.0,14948900.0,1323800.0,1281600.0,1267300.0,208700.0,237400.0,262900.0
2024-06-03 19:28:00+00:00,3.262,0.0,20.83,67.817,207700.0,16748200.0,16249900.0,15633500.0,1392700.0,1356700.0,1321200.0,216200.0,246500.0,275400.0
2024-06-03 19:29:00+00:00,3.26,0.0,20.82,67.459,218000.0,17640900.0,17223600.0,16520200.0,1475500.0,1427600.0,1389800.0,224600.0,255800.0,284100.0
2024-06-03 19:31:00+00:00,3.259,0.0,20.78,67.71,226400.0,18352200.0,17857200.0,17048900.0,1534600.0,1470700.0,1435100.0,230800.0,262200.0,287400.0
2024-06-03 19:32:00+00:00,3.257,0.0,20.74,67.812,228500.0,18729900.0,18138900.0,17471600.0,1575300.0,1537200.0,1478700.0,233700.0,265500.0,290900.0
2024-06-03 19:33:00+00:00,3.257,0.0,20.69,67.944,229800.0,19106700.0,18445200.0,17755600.0,1583600.0,1550300.0,1515900.0,236100.0,267000.0,292900.0
2024-06-03 19:35:00+00:00,3.253,0.0,20.63,68.07,232400.0,19446800.0,18794300.0,18049000.0,1609700.0,1570800.0,1531200.0,237300.0,271400.0,296200.0
2024-06-03 19:36:00+00:00,3.253,0.0,20.64,69.19,231900.0,19275200.0,18810500.0,17770000.0,1591900.0,1544200.0,1473900.0,231800.0,259700.0,285000.0
2024-06-03 19:37:00+00:00,3.25,0.0,20.65,69.324,227600.0,18875500.0,18414100.0,17669400.0,1581700.0,1531200.0,1478700.0,234300.0,265700.0,293900.0
2024-06-03 19:38:00+00:00,3.247,0.0,20.62,69.789,232300.0,19674500.0,19023500.0,18244900.0,1616400.0,1584500.0,1545000.0,240400.0,271000.0,295600.0
2024-06-03 19:40:00+00:00,3.247,0.0,20.6,69.995,234800.0,19871400.0,19309300.0,18554900.0,1644600.0,1591900.0,1562700.0,243200.0,274700.0,300100.0
2024-06-03 19:41:00+00:00,3.244,0.0,20.6,69.89,239800.0,20220900.0,19727800.0,18826700.0,1684200.0,1626000.0,1594700.0,248500.0,279400.0,306000.0
2024-06-03 19:42:00+00:00,3.242,0.0,20.58,69.205,243700.0,20758900.0,20090700.0,19429500.0,1718100.0,1679000.0,1628900.0,251100.0,282700.0,309300.0
2024-06-03 19:44:00+00:00,3.24,0.0,20.58,68.956,246900.0,21222700.0,20544200.0,19763500.0,1757900.0,1698800.0,1668700.0,251600.0,286500.0,313300.0
2024-06-03 19:45:00+00:00,3.238,0.0,20.55,69.419,248900.0,21536600.0,20798400.0,20053800.0,1773900.0,1731100.0,1693600.0,257100.0,290600.0,310700.0
2024-06-03 19:46:00+00:00,3.236,0.0,20.54,69.886,251600.0,21838000.0,21099800.0,20333800.0,1793700.0,1743300.0,1713800.0,258300.0,291900.0,319500.0
2024-06-03 19:47:00+00:00,3.235,0.0,20.51,69.626,253700.0,22215500.0,21515400.0,20486400.0,1807900.0,1748900.0,1721300.0,257100.0,289600.0,315600.0
2024-06-03 19:49:00+00:00,3.234,0.0,20.47,69.295,253500.0,22148000.0,21389000.0,20524800.0,1800800.0,1763600.0,1727900.0,259500.0,290100.0,317400.0
2024-06-03 19:50:00+00:00,3.231,0.0,20.43,69.397,256500.0,22676800.0,21859900.0,21018600.0,1847100.0,1800800.0,1756800.0,264700.0,299300.0,324000.0
2024-06-03 19:51:00+00:00,3.229,0.0,20.44,70.318,259300.0,22914600.0,22148000.0,21305500.0,1860900.0,1820000.0,1779700.0,263300.0,299000.0,329000.0
2024-06-03 19:53:00+00:00,3.229,0.0,20.46,70.458,260200.0,23280900.0,22397800.0,21579100.0,1885300.0,1835900.0,1802000.0,265700.0,301700.0,328400.0
2024-06-03 19:54:00+00:00,3.228,0.0,20.46,70.127,263900.0,23557100.0,22747600.0,21838000.0,1898400.0,1871100.0,1817600.0,271000.0,301400.0,330900.0
2024-06-03 19:55:00+00:00,3.224,0.0,20.51,70.721,266300.0,24268000.0,22987000.0,22170500.0,1938900.0,1880100.0,1847100.0,274000.0,303500.0,329300.0
2024-06-03 19:56:00+00:00,3.222,0.0,20.52,68.64,269100.0,24651400.0,23557100.0,22676800.0,1962600.0,1915800.0,1875000.0,272100.0,307600.0,337500.0
2024-06-03 19:58:00+00:00,3.22,0.0,20.54,68.854,271600.0,24932800.0,24268000.0,22962800.0,1989700.0,1937500.0,1914400.0,282000.0,313900.0,339100.0
2024-06-03 20:00:00+00:00,3.216,0.0,20.54,68.567,274900.0,25801500.0,25004100.0,23608000.0,2029700.0,1991200.0,1945800.0,282000.0,313600.0,345700.0
2024-06-03 20:04:00+00:00,3.21,0.0,20.53,68.829,278500.0,26409800.0,25515200.0,24390000.0,2071300.0,2022200.0,1984000.0,284300.0,323100.0,349600.0
2024-06-03 20:05:00+00:00,3.209,0.0,20.53,69.256,279700.0,26554200.0,25650000.0,24485700.0,2077600.0,2017700.0,1979700.0,286200.0,322800.0,346400.0
2024-06-03 20:07:00+00:00,3.208,0.0,20.48,67.84,282400.0,26930700.0,26109900.0,25119200.0,2098300.0,2044900.0,2000000.0,287400.0,324900.0,352100.0
2024-06-03 20:08:00+00:00,3.205,0.0,20.42,68.525,282200.0,27047400.0,26203900.0,25264400.0,2111300.0,2055700.0,2019200.0,289600.0,323700.0,351400.0
2024-06-03 20:09:00+00:00,3.204,0.0,20.37,69.041,285700.0,27559200.0,26393800.0,25367100.0,2141100.0,2085500.0,2026700.0,290900.0,324000.0,355400.0
2024-06-03 20:11:00+00:00,3.202,0.0,20.34,68.471,286900.0,27629000.0,26684000.0,25650000.0,2149500.0,2093500.0,2058800.0,292400.0,327100.0,358000.0
2024-06-03 20:12:00+00:00,3.201,0.0,20.31,68.194,290400.0,28181400.0,27064200.0,26266900.0,2185600.0,2146100.0,2087100.0,296200.0,330600.0,358000.0
2024-06-03 20:13:00+00:00,3.198,0.0,20.31,67.99,292600.0,28605800.0,27858000.0,26554200.0,2212200.0,2168300.0,2121100.0,296900.0,336500.0,359500.0
2024-06-03 20:14:00+00:00,3.197,0.0,20.33,68.047,293100.0,28680900.0,28000800.0,26881000.0,2219400.0,2187400.0,2131100.0,299300.0,333800.0,377900.0
2024-06-03 20:16:00+00:00,3.194,0.0,20.33,67.577,295400.0,29140000.0,28181400.0,27097700.0,2267300.0,2196200.0,2136100.0,301900.0,335500.0,364100.0
2024-06-03 20:17:00+00:00,3.193,0.0,20.32,69.681,293400.0,28624500.0,27893500.0,26489800.0,2206800.0,2144500.0,2093500.0,294600.0,324600.0,351400.0
2024-06-03 20:18:00+00:00,3.19,0.0,20.28,70.416,279700.0,27232900.0,26172500.0,25004100.0,2082300.0,2020700.0,1979700.0,284100.0,317100.0,340500.0
2024-06-03 20:20:00+00:00,3.188,0.0,20.23,70.99,278700.0,26782100.0,25650000.0,24693200.0,2052600.0,1998500.0,1951400.0,283600.0,316800.0,343900.0
2024-06-03 20:21:00+00:00,3.187,0.0,20.23,71.906,282000.0,27215900.0,26409800.0,25162600.0,2106400.0,2058800.0,2019200.0,289900.0,323700.0,351400.0
2024-06-03 20:22:00+00:00,3.186,0.0,20.22,72.467,283600.0,27734200.0,26651400.0,25545100.0,2131100.0,2079100.0,2038800.0,292900.0,325500.0,352100.0
2024-06-03 20:23:00+00:00,3.184,0.0,20.22,72.887,286000.0,27822500.0,26749300.0,25530100.0,2131100.0,2101500.0,2060300.0,291400.0,326200.0,353500.0
2024-06-03 20:25:00+00:00,3.184,0.0,20.18,71.687,286000.0,28108900.0,26930700.0,26063200.0,2163100.0,2121100.0,2063400.0,293400.0,327400.0,356100.0
2024-06-03 20:26:00+00:00,3.182,0.0,20.16,72.391,288200.0,28054700.0,27215900.0,25893300.0,2163100.0,2104800.0,2061900.0,293400.0,327400.0,353900.0
2024-06-03 20:27:00+00:00,3.18,0.0,20.13,72.287,288200.0,28181400.0,27047400.0,26032100.0,2168300.0,2122800.0,2071300.0,293400.0,326500.0,354600.0
2024-06-03 20:29:00+00:00,3.177,0.0,20.13,72.2,287900.0,28217800.0,27232900.0,26203900.0,2178700.0,2129400.0,2082300.0,294600.0,329300.0,356500.0
2024-06-03 20:30:00+00:00,3.175,0.0,20.13,72.154,285500.0,27911400.0,26684000.0,25396600.0,2117800.0,2061900.0,2000000.0,286500.0,319800.0,347100.0
2024-06-03 20:31:00+00:00,3.175,0.0,20.08,72.305,284100.0,27769400.0,26733000.0,25620000.0,2146100.0,2091900.0,2048000.0,291400.0,325200.0,353500.0
2024-06-03 20:32:00+00:00,3.174,0.0,20.09,72.089,287400.0,28346000.0,27352200.0,26425800.0,2185600.0,2129400.0,2085500.0,294100.0,330900.0,358700.0
2024-06-03 20:34:00+00:00,3.173,0.0,20.08,72.172,289900.0,28531100.0,27507200.0,26330200.0,2194400.0,2136100.0,2083900.0,293900.0,326200.0,353500.0
2024-06-03 20:35:00+00:00,3.17,0.0,20.06,72.027,288900.0,28438200.0,27369300.0,26441700.0,2189200.0,2141100.0,2095100.0,295900.0,330000.0,355800.0
2024-06-03 20:36:00+00:00,3.167,0.0,20.03,72.24,291400.0,28870400.0,27929200.0,26667700.0,2224800.0,2168300.0,2117800.0,298200.0,331200.0,359100.0
2024-06-03 20:38:00+00:00,3.165,0.0,20.02,72.462,291600.0,29023900.0,27982900.0,26798600.0,2228500.0,2170000.0,2127700.0,298800.0,331900.0,359900.0
2024-06-03 20:39:00+00:00,3.164,0.0,20.01,72.468,291400.0,28870400.0,27858000.0,26570400.0,2198000.0,2127700.0,2079100.0,291400.0,321300.0,342500.0
2024-06-03 20:40:00+00:00,3.163,0.0,20.02,72.94,279000.0,27283900.0,26141200.0,25004100.0,2071300.0,2020700.0,1968200.0,282400.0,314700.0,342200.0
2024-06-03 20:41:00+00:00,3.162,0.0,19.97,72.28,281000.0,27507200.0,26522000.0,25148100.0,2127700.0,2068100.0,2017700.0,287200.0,320700.0,346000.0
2024-06-03 20:43:00+00:00,3.159,0.0,19.9,72.524,285700.0,28199600.0,26881000.0,25877900.0,2161400.0,2112900.0,2065000.0,290400.0,324600.0,352800.0
2024-06-03 20:45:00+00:00,3.157,0.0,19.74,73.043,285500.0,28254300.0,27064200.0,25710400.0,2158000.0,2109700.0,2054100.0,287900.0,319500.0,345700.0
2024-06-03 20:47:00+00:00,3.153,0.0,19.67,72.782,283600.0,28475300.0,27215900.0,25939400.0,2173500.0,2112900.0,2080700.0,291600.0,325500.0,353200.0
2024-06-03 20:48:00+00:00,3.151,0.0,19.6,73.768,286500.0,28756400.0,27472600.0,26094300.0,2178700.0,2114600.0,2058800.0,285300.0,313900.0,337500.0
2024-06-03 20:49:00+00:00,3.15,0.0,19.57,73.733,273200.0,27114600.0,25954800.0,24390000.0,2029700.0,1982500.0,1934800.0,277200.0,308800.0,334800.0
2024-06-03 20:50:00+00:00,3.147,0.0,19.56,73.693,271900.0,26765700.0,25680200.0,24417200.0,2037300.0,1989700.0,1945800.0,276000.0,304300.0,330000.0
2024-06-03 20:52:00+00:00,3.146,0.0,19.54,74.177,267400.0,26109900.0,25061500.0,23455900.0,1986900.0,1933400.0,1887900.0,270600.0,301700.0,324300.0
2024-06-03 20:53:00+00:00,3.145,0.0,19.51,73.798,265100.0,25650000.0,24777300.0,23157500.0,1941600.0,1885300.0,1826100.0,263500.0,290400.0,313900.0
2024-06-03 20:54:00+00:00,3.142,0.0,19.46,73.682,253100.0,24214200.0,23059800.0,21664700.0,1840800.0,1775000.0,1728900.0,252400.0,280300.0,302700.0
2024-06-03 20:56:00+00:00,3.141,0.0,19.4,73.248,252400.0,23608000.0,22818900.0,21794400.0,1850800.0,1797200.0,1760200.0,253500.0,280300.0,300900.0
2024-06-03 20:57:00+00:00,3.139,0.0,19.4,71.677,243200.0,22490000.0,21816200.0,20838100.0,1768100.0,1723500.0,1674900.0,245600.0,273800.0,296900.0
2024-06-03 20:58:00+00:00,3.137,0.0,19.38,69.999,245300.0,22513200.0,21903700.0,21038800.0,1790200.0,1735500.0,1696700.0,246200.0,274300.0,297500.0
2024-06-03 20:59:00+00:00,3.135,0.0,19.39,68.291,243500.0,22238200.0,21772700.0,20798400.0,1756800.0,1722400.0,1674900.0,240400.0,266100.0,285300.0
2024-06-03 21:01:00+00:00,3.134,0.0,19.39,66.561,236400.0,21473100.0,21018600.0,20053800.0,1703100.0,1666700.0,1619200.0,237300.0,264500.0,288900.0
2024-06-03 21:02:00+00:00,3.133,0.0,19.37,64.543,242100.0,22080800.0,21686300.0,20758900.0,1780800.0,1713800.0,1668700.0,240100.0,265500.0,286500.0
2024-06-03 21:03:00+00:00,3.129,0.0,19.37,63.428,239300.0,21579100.0,21202100.0,20277200.0,1731100.0,1681000.0,1648600.0,237800.0,264300.0,284300.0
2024-06-03 21:05:00+00:00,3.13,0.0,19.37,62.246,236900.0,21664700.0,21161100.0,20390700.0,1748900.0,1696700.0,1657600.0,240100.0,269100.0,296200.0
2024-06-03 21:06:00+00:00,3.127,0.0,19.37,62.195,247200.0,22700300.0,22283500.0,21473100.0,1833400.0,1785500.0,1750000.0,249400.0,276900.0,302200.0
2024-06-03 21:07:00+00:00,3.126,0.0,19.38,62.084,251400.0,23157500.0,22723900.0,21816200.0,1849600.0,1813900.0,1760200.0,251100.0,279400.0,306000.0
2024-06-03 21:08:00+00:00,3.122,0.0,19.36,62.849,256000.0,23608000.0,23133000.0,22351900.0,1899800.0,1844600.0,1789000.0,251200.0,280100.0,304900.0
2024-06-03 21:10:00+00:00,3.119,0.0,19.35,63.698,250300.0,22938700.0,22513200.0,21707800.0,1835900.0,1798400.0,1738900.0,242800.0,266300.0,289600.0
2024-06-03 21:11:00+00:00,3.119,0.0,19.37,64.479,242000.0,22058500.0,21729400.0,20877900.0,1785500.0,1744400.0,1715900.0,248100.0,278100.0,304600.0
2024-06-03 21:12:00+00:00,3.117,0.0,19.36,64.561,251800.0,23084100.0,22653300.0,21991900.0,1868600.0,1822400.0,1785500.0,252700.0,281700.0,308200.0
2024-06-03 21:14:00+00:00,3.114,0.0,19.36,66.569,252700.0,23305800.0,22842800.0,22170500.0,1885300.0,1835900.0,1800800.0,255800.0,286900.0,311900.0
2024-06-03 21:15:00+00:00,3.114,0.0,19.36,66.875,254200.0,23380600.0,22866700.0,21991900.0,1872400.0,1823600.0,1779700.0,252500.0,278500.0,298500.0
2024-06-03 21:16:00+00:00,3.112,0.0,19.34,66.696,248500.0,22771300.0,22306300.0,21473100.0,1821200.0,1772700.0,1722400.0,247600.0,271600.0,289600.0
2024-06-03 21:19:00+00:00,3.109,0.0,19.29,66.821,246200.0,22420800.0,21991900.0,21222700.0,1799600.0,1751100.0,1710500.0,247400.0,274300.0,299000.0
2024-06-03 21:20:00+00:00,3.106,0.0,19.33,64.522,248100.0,22842800.0,22397800.0,21643300.0,1832200.0,1768100.0,1720200.0,245500.0,275100.0,294900.0
2024-06-03 21:21:00+00:00,3.106,0.0,19.32,63.165,246500.0,22629800.0,22351900.0,21473100.0,1824900.0,1776200.0,1733300.0,248500.0,277200.0,299500.0
2024-06-03 21:23:00+00:00,3.103,0.0,19.27,63.488,252200.0,23157500.0,22629800.0,21947700.0,1872400.0,1817600.0,1782000.0,253500.0,283600.0,308200.0
2024-06-03 21:24:00+00:00,3.103,0.0,19.23,62.63,255600.0,24067500.0,23206700.0,22583000.0,1918500.0,1854600.0,1822400.0,258500.0,287700.0,311000.0
2024-06-03 21:25:00+00:00,3.1,0.0,19.29,64.086,258700.0,24471900.0,23633600.0,22938700.0,1948600.0,1898400.0,1864700.0,260400.0,291600.0,313000.0
2024-06-03 21:26:00+00:00,3.099,0.0,19.26,64.103,260000.0,24679300.0,24295000.0,23182100.0,1968200.0,1907700.0,1867300.0,261200.0,288400.0,315000.0
2024-06-03 21:28:00+00:00,3.096,0.0,19.22,62.593,264300.0,25004100.0,24554500.0,23256200.0,1968200.0,1926600.0,1878800.0,265700.0,295900.0,321000.0
2024-06-03 21:29:00+00:00,3.097,0.0,19.21,61.914,268000.0,25725600.0,25191600.0,24582100.0,2037300.0,1979700.0,1940300.0,268400.0,295900.0,318300.0
2024-06-03 21:30:00+00:00,3.093,0.0,19.13,61.251,267000.0,25801500.0,25191600.0,24609800.0,2025200.0,1968200.0,1921200.0,266800.0,295400.0,320100.0
2024-06-03 21:32:00+00:00,3.091,0.0,19.06,60.765,269700.0,26016600.0,25575000.0,24947000.0,2060300.0,2007300.0,1973900.0,271400.0,301100.0,328700.0
2024-06-03 21:33:00+00:00,3.091,0.0,19.07,59.947,273600.0,26667700.0,26047600.0,25220700.0,2079100.0,2016200.0,1975400.0,272500.0,300300.0,325200.0
2024-06-03 21:34:00+00:00,3.089,0.0,19.01,59.611,274900.0,26716600.0,26156800.0,25411300.0,2088700.0,2031200.0,1985400.0,273200.0,301100.0,321300.0
2024-06-03 21:35:00+00:00,3.085,0.0,18.96,59.379,270100.0,26522000.0,25695300.0,25133600.0,2061900.0,2008800.0,1976800.0,272500.0,304100.0,330900.0
2024-06-03 21:37:00+00:00,3.085,0.0,18.9,58.971,275600.0,27165100.0,26716600.0,25862600.0,2112900.0,2068100.0,2011700.0,276500.0,304600.0,328400.0
2024-06-03 21:38:00+00:00,3.082,0.0,18.83,58.602,275100.0,27283900.0,26881000.0,26047600.0,2117800.0,2072800.0,2032700.0,277200.0,304300.0,327100.0
2024-06-03 21:39:00+00:00,3.081,0.0,18.76,58.085,274900.0,27199000.0,26586600.0,25575000.0,2083900.0,2017700.0,1978200.0,272900.0,302200.0,327700.0
2024-06-03 21:41:00+00:00,3.079,0.0,18.72,58.112,277800.0,27629000.0,26997300.0,26251100.0,2149500.0,2098300.0,2041800.0,278700.0,310400.0,331900.0
2024-06-03 21:42:00+00:00,3.078,0.0,18.71,57.325,282700.0,28346000.0,27629000.0,26947300.0,2196200.0,2141100.0,2108000.0,284100.0,315600.0,339100.0
2024-06-03 21:43:00+00:00,3.076,0.0,18.7,57.362,287200.0,28851400.0,28254300.0,27559200.0,2243100.0,2199700.0,2147800.0,292600.0,323100.0,352100.0
2024-06-03 21:44:00+00:00,3.075,0.0,18.67,58.884,294400.0,29897800.0,29296300.0,28699800.0,2327200.0,2288200.0,2228500.0,300100.0,329000.0,353200.0
2024-06-03 21:46:00+00:00,3.074,0.0,18.72,59.096,295400.0,29877300.0,29218000.0,28475300.0,2321300.0,2265400.0,2221200.0,295900.0,326800.0,350600.0
2024-06-03 21:47:00+00:00,3.071,0.0,18.79,58.799,297500.0,30207800.0,29674400.0,29023900.0,2363500.0,2299800.0,2265400.0,302200.0,333800.0,359100.0
2024-06-03 21:50:00+00:00,3.068,0.0,18.92,58.486,314200.0,32499800.0,31976500.0,31334400.0,2548800.0,2488400.0,2450400.0,318600.0,351400.0,388000.0
2024-06-03 21:51:00+00:00,3.067,0.0,18.95,57.569,318600.0,33522200.0,32817200.0,32596800.0,2614700.0,2556000.0,2511300.0,323400.0,356100.0,396100.0
2024-06-03 21:52:00+00:00,3.064,0.0,18.96,57.66,324900.0,34638400.0,33886200.0,33368600.0,2673600.0,2604700.0,2563200.0,330300.0,361800.0,401000.0
2024-06-03 21:53:00+00:00,3.064,0.0,18.95,57.89,330000.0,35367500.0,34638400.0,34018100.0,2727000.0,2668400.0,2612200.0,333800.0,375800.0,404500.0
2024-06-03 21:55:00+00:00,3.061,0.0,18.97,58.959,333500.0,35861000.0,35253300.0,34151100.0,2727000.0,2689400.0,2632300.0,338800.0,381300.0,406900.0
2024-06-03 21:56:00+00:00,3.059,0.0,19.01,60.183,332800.0,35949500.0,35083500.0,34097800.0,2746200.0,2660600.0,2627300.0,337500.0,378700.0,405700.0
2024-06-03 21:57:00+00:00,3.057,0.0,19.03,59.875,333800.0,36277800.0,35310300.0,34447300.0,2754500.0,2689400.0,2634900.0,337500.0,381900.0,408700.0
2024-06-03 21:59:00+00:00,3.057,0.0,19.02,59.682,336100.0,36766300.0,35831600.0,35027200.0,2785400.0,2718800.0,2684100.0,341200.0,384000.0,413900.0
2024-06-03 22:00:00+00:00,3.055,0.0,19.03,59.529,339100.0,37299900.0,36704500.0,35338900.0,2817000.0,2748900.0,2694700.0,345700.0,389300.0,416100.0
2024-06-03 22:01:00+00:00,3.054,0.0,19.03,59.136,345000.0,38047000.0,37363700.0,36187700.0,2864300.0,2793900.0,2743400.0,350300.0,393600.0,422600.0
2024-06-03 22:02:00+00:00,3.052,0.0,19.05,58.734,348100.0,38928400.0,37849200.0,37173000.0,2919400.0,2876400.0,2811200.0,355400.0,397700.0,426300.0
2024-06-03 22:04:00+00:00,3.05,0.0,19.09,58.868,351400.0,39420100.0,38618700.0,37331800.0,2944600.0,2876400.0,2834600.0,358000.0,401400.0,429200.0
2024-06-03 22:05:00+00:00,3.049,0.0,19.12,58.832,353500.0,39888000.0,38790100.0,37686000.0,2957400.0,2916300.0,2867300.0,360300.0,402100.0,430300.0
2024-06-03 22:06:00+00:00,3.046,0.0,19.1,58.935,352800.0,40144500.0,38928400.0,38047000.0,2993000.0,2938300.0,2900800.0,361400.0,405300.0,433600.0
2024-06-03 22:08:00+00:00,3.045,0.0,19.07,59.033,358000.0,40857800.0,39960900.0,39172700.0,3121900.0,2993000.0,2951000.0,365300.0,409100.0,440900.0
2024-06-03 22:09:00+00:00,3.043,0.0,19.07,58.739,357600.0,41204600.0,39997500.0,38790100.0,3086600.0,2947800.0,2882400.0,362200.0,401400.0,430300.0
2024-06-03 22:10:00+00:00,3.042,0.0,19.06,59.122,355800.0,40554400.0,39455700.0,38313900.0,2986500.0,2910100.0,2855300.0,355400.0,400300.0,428400.0
2024-06-03 22:11:00+00:00,3.04,0.0,19.06,59.86,353200.0,40329800.0,39102600.0,38180000.0,2986500.0,2928800.0,2864300.0,358400.0,404500.0,435200.0
2024-06-03 22:13:00+00:00,3.04,0.0,19.1,59.548,358400.0,41243500.0,40070900.0,39102600.0,3132600.0,2993000.0,2944600.0,367200.0,408400.0,436600.0
2024-06-03 22:14:00+00:00,3.04,0.0,19.1,60.621,359100.0,41517800.0,39924400.0,38928400.0,3091900.0,2996300.0,2941400.0,366100.0,409400.0,438900.0
2024-06-03 22:15:00+00:00,3.035,0.0,19.1,60.894,354300.0,40857800.0,39634700.0,38246800.0,2989700.0,2919400.0,2834600.0,358400.0,398400.0,421800.0
2024-06-03 22:17:00+00:00,3.035,0.0,19.06,60.52,348500.0,39815300.0,38652900.0,37363700.0,2935100.0,2873300.0,2825800.0,354300.0,401900.0,430300.0
2024-06-03 22:18:00+00:00,3.032,0.0,19.04,60.23,356100.0,40972800.0,39815300.0,38755700.0,3083100.0,2957400.0,2900800.0,362600.0,405500.0,436100.0
2024-06-03 22:19:00+00:00,3.032,0.0,19.03,60.451,358000.0,41321500.0,40070900.0,38790100.0,3083100.0,2970200.0,2922500.0,362600.0,405500.0,435500.0
2024-06-03 22:20:00+00:00,3.027,0.0,19.07,60.701,358000.0,41243500.0,40144500.0,38755700.0,3118300.0,2983200.0,2931900.0,362600.0,406000.0,436100.0
2024-06-03 22:22:00+00:00,3.025,0.0,19.07,60.657,355000.0,41127000.0,40034200.0,38415000.0,2993000.0,2913200.0,2870300.0,359500.0,402600.0,431400.0
2024-06-03 22:23:00+00:00,3.025,0.0,19.04,61.005,355800.0,41165800.0,40329800.0,38859100.0,3100600.0,2970200.0,2916300.0,362900.0,406200.0,436100.0
2024-06-03 22:24:00+00:00,3.023,0.0,19.02,60.793,355800.0,41127000.0,39779000.0,38347500.0,2989700.0,2903900.0,2861300.0,361000.0,402600.0,430800.0
2024-06-03 22:26:00+00:00,3.02,0.0,18.97,60.695,355400.0,41165800.0,39851600.0,38313900.0,2979900.0,2913200.0,2864300.0,359100.0,403100.0,431700.0
2024-06-03 22:28:00+00:00,3.018,0.0,18.85,61.568,343600.0,39670700.0,38347500.0,36952900.0,2894600.0,2805400.0,2746200.0,349900.0,390900.0,419500.0
2024-06-03 22:29:00+00:00,3.018,0.0,18.78,61.373,344600.0,39670700.0,38550500.0,36984100.0,2879400.0,2822800.0,2774100.0,348800.0,389700.0,418700.0
2024-06-03 22:31:00+00:00,3.015,0.0,18.69,61.565,345000.0,39888000.0,38448800.0,37395700.0,2903900.0,2828700.0,2774100.0,348500.0,387800.0,417100.0
2024-06-03 22:33:00+00:00,3.012,0.0,18.61,62.231,340100.0,38997900.0,37718500.0,36489900.0,2828700.0,2754500.0,2716100.0,345700.0,386700.0,413900.0
2024-06-03 22:35:00+00:00,3.009,0.0,18.57,62.304,341900.0,39032700.0,37816500.0,36673700.0,2855300.0,2805400.0,2710700.0,345000.0,388900.0,415900.0
2024-06-03 22:36:00+00:00,3.009,0.0,18.55,62.363,341200.0,39032700.0,37718500.0,36551000.0,2825800.0,2779700.0,2713400.0,343600.0,384300.0,414100.0
2024-06-03 22:37:00+00:00,3.008,0.0,18.6,62.611,342500.0,38893700.0,37947800.0,36766300.0,2852300.0,2811200.0,2743400.0,347800.0,390600.0,418400.0
2024-06-03 22:38:00+00:00,3.006,0.0,18.63,62.845,338800.0,38687100.0,37204600.0,36217700.0,2799700.0,2740700.0,2686700.0,340500.0,379300.0,408400.0
2024-06-03 22:40:00+00:00,3.004,0.0,18.64,63.2,338100.0,38146600.0,36828300.0,35656100.0,2785400.0,2721500.0,2673600.0,339800.0,383000.0,410600.0
2024-06-03 22:41:00+00:00,3.003,0.0,18.67,63.529,335100.0,37816500.0,36735400.0,35802200.0,2785400.0,2732400.0,2671000.0,339500.0,379600.0,407200.0
2024-06-03 22:42:00+00:00,3.0,0.0,18.69,64.143,334800.0,37947800.0,36766300.0,35569000.0,2785400.0,2716100.0,2673600.0,339800.0,380200.0,404500.0
2024-06-03 22:44:00+00:00,2.998,0.0,18.7,64.082,331900.0,37427700.0,36157700.0,35027200.0,2746200.0,2671000.0,2627300.0,333500.0,376200.0,401200.0
2024-06-03 22:45:00+00:00,2.996,0.0,18.64,63.916,331600.0,37204600.0,36308000.0,35111700.0,2743400.0,2663100.0,2622200.0,336100.0,375400.0,400500.0
2024-06-03 22:46:00+00:00,2.995,0.0,18.58,63.877,327400.0,36766300.0,35831600.0,34831700.0,2729700.0,2645100.0,2604700.0,331900.0,364100.0,398200.0
2024-06-03 22:47:00+00:00,2.993,0.0,18.56,63.947,331200.0,37046900.0,35979100.0,34971100.0,2732400.0,2665700.0,2609700.0,330600.0,363300.0,397900.0
2024-06-03 22:49:00+00:00,2.992,0.0,18.53,64.346,329600.0,36890500.0,35685200.0,34638400.0,2697300.0,2642500.0,2580100.0,332200.0,361800.0,398600.0
2024-06-03 22:50:00+00:00,2.99,0.0,18.56,63.979,331900.0,37363700.0,36338200.0,35224900.0,2774100.0,2710700.0,2647700.0,336100.0,375400.0,403600.0
2024-06-03 22:51:00+00:00,2.988,0.0,18.55,63.961,330600.0,37363700.0,36127800.0,35196500.0,2765600.0,2676200.0,2665700.0,337800.0,378100.0,408200.0
2024-06-03 22:53:00+00:00,2.987,0.0,18.61,63.293,336500.0,37816500.0,36642900.0,35540100.0,2788200.0,2727000.0,2663100.0,337500.0,377000.0,401400.0
2024-06-03 22:54:00+00:00,2.985,0.0,18.6,63.042,333800.0,37491900.0,36581600.0,35396100.0,2782600.0,2716100.0,2642500.0,334500.0,377500.0,404500.0
2024-06-03 22:55:00+00:00,2.985,0.0,18.5,63.052,334500.0,37686000.0,36612200.0,35598000.0,2760100.0,2700000.0,2671000.0,335500.0,377700.0,404100.0
2024-06-03 22:56:00+00:00,2.982,0.0,18.42,63.155,335100.0,38013900.0,37046900.0,35802200.0,2808300.0,2721500.0,2673600.0,340800.0,382800.0,411400.0
2024-06-03 22:58:00+00:00,2.981,0.0,18.42,63.136,341200.0,38893700.0,37947800.0,36797300.0,2876400.0,2796800.0,2743400.0,346000.0,387800.0,414600.0
2024-06-03 22:59:00+00:00,2.979,0.0,18.4,63.173,340800.0,39455700.0,37980800.0,36921600.0,2885500.0,2828700.0,2748900.0,347100.0,389500.0,415900.0
2024-06-03 23:00:00+00:00,2.975,0.0,18.33,63.221,344300.0,39455700.0,38013900.0,37015500.0,2888500.0,2828700.0,2760100.0,343600.0,385300.0,410600.0
2024-06-03 23:02:00+00:00,2.978,0.0,18.26,63.198,339800.0,38482600.0,37882000.0,36398700.0,2817000.0,2765600.0,2708000.0,343200.0,385600.0,410100.0
2024-06-03 23:03:00+00:00,2.973,0.0,18.24,63.119,341200.0,38893700.0,38213400.0,36984100.0,2873300.0,2811200.0,2748900.0,346000.0,388600.0,414100.0
2024-06-03 23:04:00+00:00,2.973,0.0,18.18,63.197,345300.0,39278300.0,38550500.0,37299900.0,2903900.0,2846400.0,2788200.0,349900.0,393300.0,422600.0
2024-06-03 23:06:00+00:00,2.97,0.0,18.09,63.46,350600.0,40034200.0,39670700.0,38146600.0,2935100.0,2894600.0,2843400.0,354600.0,398900.0,426800.0
2024-06-03 23:07:00+00:00,2.969,0.0,18.03,63.663,352800.0,40629800.0,39562900.0,38652900.0,2954200.0,2922500.0,2828700.0,356500.0,399800.0,427300.0
2024-06-03 23:08:00+00:00,2.968,0.0,17.99,63.949,351400.0,40479300.0,39742800.0,38047000.0,2983200.0,2903900.0,2840400.0,356900.0,395600.0,427300.0
2024-06-03 23:09:00+00:00,2.966,0.0,17.94,63.881,351400.0,40667700.0,39562900.0,38313900.0,2944600.0,2876400.0,2867300.0,354600.0,399600.0,423400.0
2024-06-03 23:11:00+00:00,2.964,0.0,17.88,63.994,352100.0,40629800.0,39455700.0,38080100.0,2938300.0,2928800.0,2882400.0,359500.0,401200.0,430000.0
2024-06-03 23:13:00+00:00,2.961,0.0,17.93,63.948,358400.0,41835900.0,40367100.0,39455700.0,3088400.0,3072700.0,2951000.0,363700.0,406900.0,435800.0
2024-06-03 23:15:00+00:00,2.96,0.0,18.08,63.455,360600.0,41795900.0,40554400.0,39888000.0,3143500.0,2967000.0,2954200.0,365700.0,408700.0,437200.0
2024-06-03 23:17:00+00:00,2.955,0.0,18.33,62.507,361000.0,42862000.0,41517800.0,40292600.0,3185600.0,3100600.0,2983200.0,375600.0,411400.0,438000.0
2024-06-03 23:18:00+00:00,2.955,0.0,18.32,62.222,358700.0,42118200.0,41243500.0,39779000.0,3114800.0,3071000.0,2951000.0,364500.0,406000.0,435200.0
2024-06-03 23:20:00+00:00,2.952,0.0,18.23,62.462,361000.0,41835900.0,41399800.0,39960900.0,3129100.0,2996300.0,2931900.0,364100.0,408200.0,432700.0
2024-06-03 23:21:00+00:00,2.951,0.0,18.17,62.354,357200.0,42240400.0,40781500.0,39960900.0,3123700.0,2983200.0,2928800.0,360600.0,404300.0,434400.0
2024-06-03 23:22:00+00:00,2.95,0.0,18.16,61.873,360300.0,42778000.0,41165800.0,40367100.0,3158000.0,3086600.0,2960600.0,365300.0,407400.0,433300.0
2024-06-03 23:24:00+00:00,2.947,0.0,18.16,61.36,361000.0,43030800.0,42322200.0,40819600.0,3204300.0,3156200.0,3077900.0,377000.0,410900.0,439700.0
2024-06-03 23:25:00+00:00,2.948,0.0,18.25,60.717,365300.0,43632400.0,42904000.0,41517800.0,3242400.0,3178200.0,3121900.0,382300.0,417900.0,446300.0
2024-06-03 23:26:00+00:00,2.945,0.0,18.35,60.179,381000.0,44703900.0,43372600.0,42445500.0,3295200.0,3242400.0,3208100.0,388000.0,422000.0,452500.0
2024-06-03 23:27:00+00:00,2.944,0.0,18.42,59.719,383200.0,45829300.0,44251100.0,43458800.0,3358000.0,3293200.0,3240500.0,389700.0,427300.0,455300.0
2024-06-03 23:29:00+00:00,2.941,0.0,18.46,59.302,386400.0,45542700.0,44612600.0,43201000.0,3395600.0,3295200.0,3238500.0,390000.0,424700.0,453100.0
2024-06-03 23:30:00+00:00,2.939,0.0,18.39,58.936,384300.0,46119600.0,44658200.0,43158300.0,3351800.0,3283300.0,3225100.0,389300.0,422300.0,454700.0
2024-06-03 23:31:00+00:00,2.938,0.0,18.38,57.649,388900.0,46611600.0,45781300.0,44521700.0,3423300.0,3393500.0,3349800.0,397000.0,435800.0,466800.0
2024-06-03 23:33:00+00:00,2.937,0.0,18.48,57.049,396300.0,49752100.0,47216100.0,45877400.0,3547800.0,3477800.0,3451400.0,406500.0,440000.0,469700.0
2024-06-03 23:34:00+00:00,2.936,0.0,18.58,56.402,402100.0,50646000.0,47888900.0,46661400.0,3608800.0,3536300.0,3457900.0,411100.0,444300.0,473600.0
2024-06-03 23:35:00+00:00,2.934,0.0,18.62,56.754,405300.0,50675400.0,49275100.0,46761300.0,3589800.0,3524900.0,3449200.0,407900.0,443100.0,475200.0
2024-06-03 23:36:00+00:00,2.933,0.0,18.69,58.389,401200.0,50267300.0,49053800.0,46711300.0,3571000.0,3518100.0,3453600.0,407900.0,444600.0,472900.0
2024-06-03 23:38:00+00:00,2.932,0.0,18.73,57.229,403600.0,50528900.0,47941400.0,46512400.0,3573300.0,3536300.0,3444900.0,409600.0,443400.0,473900.0
2024-06-03 23:39:00+00:00,2.928,0.0,18.73,56.272,404800.0,51150000.0,49610900.0,47063500.0,3632800.0,3552400.0,3484400.0,410400.0,445700.0,475600.0
2024-06-03 23:40:00+00:00,2.926,0.0,18.72,55.993,408700.0,51786600.0,50354200.0,47524200.0,3642500.0,3566300.0,3522600.0,412400.0,449300.0,481300.0
2024-06-03 23:42:00+00:00,2.925,0.0,18.67,56.011,409400.0,51848100.0,50470500.0,49053800.0,3647300.0,3594500.0,3511300.0,413400.0,449600.0,476900.0
2024-06-03 23:43:00+00:00,2.923,0.0,18.57,56.52,407400.0,52282400.0,50675400.0,49498400.0,3704200.0,3635200.0,3594500.0,414900.0,452200.0,480900.0
2024-06-03 23:44:00+00:00,2.922,0.0,18.46,56.977,413400.0,52033300.0,50704800.0,49554600.0,3691700.0,3618300.0,3543200.0,416600.0,455600.0,480900.0
2024-06-03 23:45:00+00:00,2.92,0.0,18.37,57.496,410600.0,52188700.0,50822700.0,47784100.0,3696700.0,3618300.0,3536300.0,413900.0,453800.0,481900.0
2024-06-03 23:47:00+00:00,2.92,0.0,18.3,58.143,411600.0,52251100.0,50412300.0,49386500.0,3689200.0,3618300.0,3536300.0,417900.0,451600.0,481600.0
2024-06-03 23:48:00+00:00,2.918,0.0,18.28,59.309,411900.0,51848100.0,50616700.0,49302900.0,3625500.0,3604000.0,3529500.0,416600.0,453800.0,481600.0
2024-06-03 23:49:00+00:00,2.916,0.0,18.31,59.583,409600.0,51511800.0,50008300.0,49330800.0,3627900.0,3594500.0,3513600.0,414600.0,454700.0,481900.0
2024-06-03 23:51:00+00:00,2.916,0.0,18.34,59.185,411600.0,52095300.0,51210000.0,49610900.0,3666900.0,3632800.0,3531700.0,416600.0,453400.0,485000.0
2024-06-03 23:52:00+00:00,2.913,0.0,18.35,58.549,412100.0,52565400.0,51180000.0,49667200.0,3669400.0,3582700.0,3575700.0,418700.0,455600.0,484300.0
2024-06-03 23:53:00+00:00,2.913,0.0,18.31,58.847,413400.0,52660500.0,51451200.0,49837200.0,3709300.0,3632800.0,3592100.0,417700.0,454400.0,483300.0
2024-06-03 23:54:00+00:00,2.91,0.0,18.25,58.8,414400.0,52724000.0,50822700.0,49979700.0,3752600.0,3652200.0,3604000.0,420200.0,458900.0,490300.0
2024-06-03 23:56:00+00:00,2.909,0.0,18.2,58.84,416400.0,52915600.0,51664100.0,50325200.0,3694200.0,3630400.0,3620700.0,418900.0,455000.0,486100.0
2024-06-03 23:57:00+00:00,2.907,0.0,18.17,58.994,417400.0,53238000.0,51786600.0,50470500.0,3686700.0,3606400.0,3578000.0,419500.0,456500.0,485700.0
2024-06-03 23:58:00+00:00,2.903,0.0,18.13,59.279,417400.0,53011900.0,51481500.0,50037000.0,3757700.0,3630400.0,3566300.0,419200.0,455300.0,485000.0
2024-06-03 23:59:59+00:00,2.903,0.0,18.11,59.423,416600.0,53140800.0,51390700.0,50441400.0,3679300.0,3613500.0,3601600.0,418700.0,456500.0,486400.0
